bids_name	cjv	cnr	efc	fber	fwhm_avg	fwhm_x	fwhm_y	fwhm_z	icvs_csf	icvs_gm	icvs_wm	inu_med	inu_range	qi_1	qi_2	rpve_csf	rpve_gm	rpve_wm	size_x	size_y	size_z	snr_csf	snr_gm	snr_total	snr_wm	snrd_csf	snrd_gm	snrd_total	snrd_wm	spacing_x	spacing_y	spacing_z	summary_bg_k	summary_bg_mad	summary_bg_mean	summary_bg_median	summary_bg_n	summary_bg_p05	summary_bg_p95	summary_bg_stdv	summary_csf_k	summary_csf_mad	summary_csf_mean	summary_csf_median	summary_csf_n	summary_csf_p05	summary_csf_p95	summary_csf_stdv	summary_gm_k	summary_gm_mad	summary_gm_mean	summary_gm_median	summary_gm_n	summary_gm_p05	summary_gm_p95	summary_gm_stdv	summary_wm_k	summary_wm_mad	summary_wm_mean	summary_wm_median	summary_wm_n	summary_wm_p05	summary_wm_p95	summary_wm_stdv	tpm_overlap_csf	tpm_overlap_gm	tpm_overlap_wm	wm2max
sub-101_ses-02_T1w	0.28335464772435004	4.8047999767122445	0.5440209985929622	10873.173394848136	4.052548620469429	3.500255861408289	4.68847	3.96892	0.22644069786978338	0.4540463476127054	0.3195129545175112	0.6505190134048462	0.2491485238075255	0.0	0.004933507664644613	24.78175793502003	12.874242921618565	20.862391566596756	128	256	256	1.5685094953986496	8.23487060152429	10.901099943966939	22.899919734977875	13.809850693199953	51.865907681231306	51.02148100724943	87.388684647317	1.3299942016601562	1.0	1.0	5.319722335755639	0.0	5.191626447331442	0.0	2106644.0	0.0	21.036397464573383	7.496719875861166	0.5808593323889775	103.49759664071148	171.62765370373967	158.02599607408047	22543.0	32.099181056767705	355.90789295732975	100.74691387486388	-0.18401056228615076	75.45285609429845	594.9641060115293	593.5011105984449	26105.0	478.7093691989779	711.8832566052675	72.070317996781	0.6619389497578849	39.727071958740474	995.6538018410379	999.987924836576	106903.0	915.6736582517624	1059.579002648592	43.667543786954845	0.14392059565645077	0.48555255381930557	0.488538558988893	0.789634471583326
sub-102_ses-02_T1w	0.29773667521503294	4.501642166610276	0.5334652005496443	11837.628399018009	4.130530548283102	3.5566116448493053	4.82173	4.01325	0.23906673548931254	0.4383878874689639	0.3225453770417236	0.5437310338020325	0.2000005275011062	0.0	0.00549186009767501	22.63558023121199	12.398329558663168	19.456633260359144	128	256	256	1.2677132140433998	8.05940340676968	12.293378422219	27.553018645843917	18.22630111892819	81.50555278878977	77.25947745079742	132.0465784446743	1.3300018310546875	1.0	1.0	5.647213575542491	4.96119898862768	4.824218535441948	3.346277866512537	2294511.0	0.0	18.79699295386672	6.825427863617239	-0.15070856404484756	108.8401308986591	164.97311939007753	138.02363397553563	34073.0	27.63777645304799	366.5620186366141	108.87447335963644	-0.1720247086581539	80.05292689057256	620.5403151497691	617.2230180818588	28227.0	498.45080985687673	747.1081737894565	76.5828503216515	0.4263366321946962	33.901526422289145	998.534321093655	999.9587130732834	122847.0	935.5531921610236	1056.2877238262445	36.292017799669054	0.14555266811916392	0.49109800955089233	0.5148903054863965	0.8948344392699383
sub-103_ses-02_T1w	0.3143452364914291	4.249800434844099	0.5575076257384998	10732.384452160493	4.09458510881911	3.6131153264573275	4.73935	3.93129	0.23082669864686334	0.4332459539592407	0.33592734739389596	0.6098210215568542	0.2369733527302742	0.0	0.007225290909666191	22.31349838114842	12.13189982455214	18.20618829240796	128	256	256	1.2758020494573867	8.403436133653633	11.288707518474412	24.186884372312218	15.32143585701903	64.47361210413443	60.52944404300973	101.79328416787573	1.3300018310546875	1.0	1.0	4.302143514425303	6.4359489877474525	5.790687910723466	4.340981625020504	2132230.0	0.0	20.321518376469612	7.224108109588909	-0.13393003454398844	111.30301889524783	182.81838549665082	150.5151898059994	25886.0	32.11014567408711	405.494194294326	117.97463609013134	-0.02468006350815477	76.59486542560978	632.307342408529	633.3778409473598	26979.0	508.82506047561765	754.4554509643464	75.36989541135561	0.47736111624439337	38.65105628356025	998.0953039410323	999.9999758824706	134423.0	926.417952183634	1062.9919125400484	41.34456678590755	0.16157296979681926	0.48608522406510357	0.5135207073036888	0.7722644019570009
sub-104_ses-02_T1w	0.30753135660908193	4.4025160113180215	0.5721002119792403	10651.321599511833	3.9411182224771735	3.4678346674315215	4.61151	3.74401	0.22683322686235924	0.43612926646314126	0.3370375066744995	0.5321692228317261	0.19750487804412842	0.0	0.006799248630512812	21.263005004334364	11.509018267862691	17.765500367799916	128	256	256	1.38212304105112	8.33304854893579	11.680655772939398	25.326795728831286	15.860186495722388	62.4045008837978	59.34418150119418	99.76785712406235	1.3299942016601562	1.0	1.0	6.0964467275507435	0.0	4.455706324715878	0.0	1926483.0	0.0	18.27386961877346	6.566465443815035	0.1266933620441364	110.72321916052772	184.26016387088364	158.9674555659294	20683.0	35.09408658891917	405.7146715193986	115.01408184970695	-0.11372437648615019	78.44371214893366	626.3266667906533	625.4834849536419	22185.0	505.3757064700127	748.7462763607501	75.05889160861642	0.4509356379479956	36.72518761798126	998.26749580305	999.9783040732145	138794.0	928.8525358013809	1059.3629481494427	39.48287467511498	0.1616853247670291	0.48291576319856333	0.5160215633198981	0.89181071234788
sub-105_ses-02_T1w	0.3049971591330425	4.294098798135631	0.5623075178715193	11035.697037894375	4.041656008853195	3.582978026559587	4.67805	3.86394	0.23551442517538987	0.4414724332658273	0.32301314155878286	0.526417076587677	0.1931576609611511	0.0	0.007939332543808292	20.111113127427142	11.038526381934743	17.83454202190623	128	256	256	1.30238621031309	7.816980067848885	11.82907003460972	26.36784382566718	15.2822078904824	75.81629605043727	71.06562791155345	122.09837979374069	1.3299942016601562	1.0	1.0	5.565369282861308	5.365417945579509	5.21497451520228	3.6189194098114967	2257738.0	0.0	19.104528047144413	6.648579113605275	1.7244505833227137	74.97547693139738	150.62070148375867	125.1578029608354	32752.0	36.946642346680164	347.2574096119962	96.09737208956993	-0.051613203937900476	80.01335482797349	620.8126582721189	620.9182017613202	26489.0	489.20215938165785	751.127763735503	79.43048030807721	0.4768463935094145	35.59268532503616	996.7746481661528	999.9579294808209	137183.0	928.8629952613264	1054.0081740846856	37.92324816061196	0.1698554504348815	0.48235285256444654	0.49964285992776486	0.8849949722542922
sub-106_ses-02_T1w	0.31889934511252566	4.1156617765998575	0.5328722608656361	9549.95073615658	3.8560015806401036	3.3277247419203104	4.51801	3.72227	0.23577850961896404	0.4377193732921683	0.3265021170888676	0.6004347205162048	0.2535741090774536	0.0	0.007864846520036644	22.991239460277818	12.657794435365906	20.21273421403466	128	256	256	1.32810542689984	8.065783839289232	12.098803151786901	26.90252018917163	16.176327874069983	69.24254442020977	64.6007407078798	108.38334982935963	1.3300018310546875	1.0	1.0	4.6966430653218945	6.044486201302943	5.478026513925479	4.076943987980485	2262405.0	0.0	17.591675439849496	6.645157205424595	0.4354309304571444	94.1069730125508	178.86367770634027	149.24768433347344	18979.0	38.80304645355791	402.6871907951308	112.37342257806442	-0.03561751539124458	79.53007673150806	636.6516153511957	638.852618006058	26160.0	503.50821365369484	763.5384041533805	79.20375999809123	0.4547286585914678	35.632413131437794	998.1579507037546	999.9775046762079	115855.0	934.1157134007663	1055.9127257002515	37.1702421183191	0.16959955733165952	0.49892128045668144	0.5331311003401954	0.8204280011827321
sub-107_ses-02_T1w	0.3163575033422172	4.218981683039354	0.5456536157372572	6878.704579359583	4.386121057482342	3.8123631724470246	5.05231	4.29369	0.25043108756710636	0.4197127599815124	0.3298561524513812	0.5572739839553833	0.19940850138664246	0.0	0.0058293142947129254	21.637237544067638	12.799194015160191	19.394869450512637	128	256	256	1.2816272243260236	8.367935805228822	11.809161583873063	25.777921722064345	15.95946252137722	74.28799037638477	68.90528952922985	116.46841568992758	1.3300018310546875	1.0	1.0	7.029408708601327	5.625013531132065	5.749083515776304	3.794013971462846	2220750.0	0.0	20.035056235268712	7.3465601228983655	-0.003083234328837392	93.45417217512396	168.2338330081546	137.02824729681015	34057.0	37.11921271495521	376.18868823945513	106.91582773255682	-0.09445604647206274	77.99360866850365	636.1773986372525	637.8380915299058	21814.0	507.50261800205334	758.574265965633	76.2223188947881	0.40003166322650596	36.579035360344186	997.3284188855017	1000.0000216830522	130498.0	929.2671764139086	1056.9102312549949	38.792739033858886	0.1442046850342099	0.4612465032404542	0.4966748586910094	0.8205917159763314
sub-108_ses-02_T1w	0.3122284307317486	4.4039373497696	0.5452636162706945	10093.72508011469	4.1489447980193495	3.566354394058046	4.76056	4.11992	0.27148632656636795	0.4278532928559897	0.3006603805776423	0.6578126549720764	0.2636002838611602	0.0	0.006101983690493576	20.961300114778197	12.8329246655438	20.752458359168205	128	256	256	1.2593160682695934	9.172972801973202	11.044668360101333	22.701716210061203	12.579705229973518	65.6428508256614	60.452666163390326	103.13544243453607	1.3300024271011353	1.0	1.0	4.683600320814067	6.352337721470357	6.311424876478709	4.284586682915688	2457929.0	0.0	21.55823615193367	7.705201444409734	0.8700195415037157	80.60782234981595	146.72738630457434	121.97541772574186	37250.0	29.60874902456999	344.95883897840935	96.85716202162536	-0.13862513659191888	71.88171632190141	636.2810423072799	636.4866269752383	21997.0	521.9032488003373	747.9851027384401	69.38559319568526	0.5502663027494381	41.62452875384523	998.0707795247422	1000.0225317925215	102099.0	923.3960815370083	1067.7212564282117	44.05030990649842	0.16264864934631287	0.4821172112768911	0.498144112960731	0.7877376395613606
sub-110_ses-02_T1w	0.29723849174297134	4.45651087997658	0.5521864099902735	4822.574581290275	4.139768767787555	3.6135063033626658	4.75418	4.05162	0.25230006697161883	0.41735436957860383	0.33034556344977734	0.5746335089206696	0.21665499359369278	0.0	0.006130727230272285	21.150267545442073	12.481535782250507	18.74810826738887	128	256	256	1.5467363651217108	8.225000485529943	12.084574185382778	26.481985705496676	19.048730943639853	69.80553753327582	67.02446262476447	112.21911939737775	1.3300018310546875	1.0	1.0	5.248899271725353	5.837886519945237	5.644947192397008	3.937594620510936	2107966.0	0.0	19.262287197634578	6.870106263511608	-0.2272711783363066	118.77732357337229	186.1785844665095	169.74225458689034	38035.0	34.79982272721827	382.3681072354311	109.74075932027448	-0.0995357444093754	77.09165820662818	622.7620044641733	622.0335285644978	25033.0	500.96845720522106	749.1731377869844	75.62566169621388	0.5092126520850342	35.24821212312881	998.1730883249057	999.9787592478096	132603.0	932.6991019751877	1057.2526693252846	37.76057429331966	0.16000332344074375	0.49416856978783436	0.5215962417204428	0.8556182844654889
sub-111_ses-02_T1w	0.27702629031445875	4.754748254566343	0.5435681994916383	19580.12338503554	4.062967138426473	3.559521415279419	4.65128	3.9781	0.23467755456088624	0.43513486725460326	0.3301875781845105	0.5363714694976807	0.20816709995269772	0.0	0.00550219930933984	20.621944811415457	11.277287214801973	17.367993411450733	128	256	256	1.4016496551589086	7.855652269514847	11.779726316726737	26.081877025506454	17.53018619298226	64.45013070673781	63.41998454410773	108.2796367326031	1.3300018310546875	1.0	1.0	7.104860000429188	0.0	3.6856382844763824	0.0	2139314.0	0.0	16.39728751219809	6.050282783034402	-0.3790600733042	123.33942765955142	186.43682420454635	161.89389523584396	32242.0	33.45665015736595	395.047757963743	115.50060602866195	-0.06739220518094813	76.66233809417204	598.2085241994206	595.2066106833518	28429.0	477.07790740951896	724.3933546643703	75.7666100625262	0.5863348075268648	35.47016220274681	997.1565130074099	999.978663796559	141602.0	928.7389530315995	1055.8232619687915	38.339845397790086	0.15526617709936516	0.4925437215086303	0.5092648981416277	0.8679004349033034
sub-113_ses-02_T1w	0.31432853004990835	4.289556624970462	0.6090435016579462	8384.619430241051	4.002476610297182	3.5088598308915477	4.73143	3.76714	0.23508893842916187	0.42975888379479205	0.3351521777760461	0.6794247329235077	0.3127144098281859	0.0	0.007857539881309977	18.75845571471782	10.336476552471117	15.658947406049979	128	256	256	1.266987905790402	8.423492851083381	10.579739276073	22.048737071345215	11.382123650694114	56.959176801468416	53.15380525670421	91.1201153179501	1.3300018310546875	1.0	1.0	3.8194859635573124	7.189619143485483	6.533564509037493	4.84932442009449	1906820.0	0.0	24.140043541789055	8.644720447199296	1.6915368445870635	78.01921872738367	148.0557894180327	124.91007077693939	27603.0	30.16706103533507	357.32060476988534	98.58642499105726	0.06845083081776826	74.42440915564093	625.3557988264841	625.0832466781139	23159.0	503.421157477051	746.8226053342223	74.20552995193484	0.3861996081211192	43.41423867412387	997.3742427693378	999.9733268469572	151642.0	918.0943491384387	1066.798083141446	45.35271233242155	0.1705477243688528	0.47125455943364697	0.5078884194298492	0.7102480187784733
sub-115_ses-02_T1w	0.3130538629595372	4.300573930972638	0.5806637041241269	10136.036450628699	4.3245283788699425	3.7407851366098273	5.09552	4.13728	0.260416082223239	0.4138004708290465	0.32578344694771455	0.618778258562088	0.2406160190701485	0.0	0.004574043745578542	21.145568848431573	12.920376470294238	19.6229706321225	128	256	256	1.2638814512139438	8.206527345390132	11.683496566442892	25.5800809027246	14.342417772230515	77.80025170123754	71.96239283623514	123.74450903523736	1.3300042152404785	1.0	1.0	244.78852382005343	5.294266509371259	5.124783069730437	3.570928495377302	1549598.0	0.0	19.861831042915583	7.489455168909869	1.4047860608280374	75.84988358524052	137.91159538147562	115.90346998721361	35763.0	29.524343442171812	324.8774730529637	91.70310192167268	-0.05513380334075091	78.5835244626283	628.6894541171639	628.7168092057109	23812.0	504.06339743472637	753.7693247497082	76.61018856413718	0.3325815152095193	37.6481173999734	999.098756947509	1000.000015117228	129758.0	933.366022605449	1061.4526604004204	39.09276775103049	0.16061368575018664	0.46996566997583944	0.5140756262798288	0.842546162468291
sub-116_ses-02_T1w	0.30932778495517943	4.27553484155836	0.5779182121547732	13919.15939513478	3.850271658616615	3.4308749758498442	4.44904	3.6709	0.25328353457495456	0.4289405039560728	0.31777596146897263	0.5720428824424744	0.1954546928405762	0.0	0.00690708834498259	20.90631657488544	12.244234128864148	19.54356734605845	128	256	256	1.3113293302888558	7.758513655733539	11.411733912079379	25.165358750215745	16.93338481686714	80.53586556224398	75.91246233019022	130.26813661145954	1.3300018310546875	1.0	1.0	6.096591249751928	5.029032369634671	4.663025177518856	3.3920307867228985	1825873.0	0.0	18.907430866733193	6.678981760811691	1.0773860396142316	84.18972707684709	151.57552636650226	129.9859699010849	25973.0	27.065055524185304	352.21842643171533	99.12343493423091	-0.027850176544160554	81.1164295176259	618.0767845987131	618.2185493418947	23634.0	487.0704948194325	747.7271223174407	79.68091539527104	0.5897829816416023	36.97270093972157	997.3150652867005	999.979051310569	123706.0	927.0713278576732	1057.434190068394	39.736171435956976	0.16269528207445833	0.47575249486986504	0.5059399658020056	0.8759239220145627
sub-118_ses-02_T1w	0.33733816043691345	3.851314918977852	0.5849091058549838	10877.981225461037	3.8863992394363236	3.4780077183089704	4.44359	3.7376	0.246104211416631	0.4212522362929778	0.3326435522903912	0.6771539449691772	0.3037649810314179	0.0	0.006753989188010659	22.04312285478198	12.586529679670234	19.030881197705433	128	256	256	1.4337382181845417	7.68860700634686	11.505816932252545	25.395105572226235	13.511366894686125	53.58400553267692	50.15158769365897	83.35939065361387	1.3299999237060547	1.0	1.0	4.82397331486016	0.0	5.257991305331743	0.0	1732298.0	0.0	21.63560259155929	7.859179087847534	-0.08466714555447563	107.87904706912131	188.29843540483975	162.08571550436318	25792.0	40.97468870691955	403.3166409358382	113.0489312817427	0.02539742482288343	82.75505637295718	640.9704607312116	642.8070486169308	17165.0	497.74939843714236	775.0525542452931	83.60270247397246	0.3951917529233091	37.739746366705894	999.1827638443747	999.9999691676348	118043.0	933.0867312084883	1062.5135650355369	39.37749857231759	0.1528110309518171	0.46317079566243186	0.48621149603311603	0.8033098455130044
sub-120_ses-02_T1w	0.3452438372622129	3.909481426284927	0.6016615852755051	9691.1970272803	4.247163964602738	3.693671893808213	4.97425	4.07357	0.2590397740397262	0.40095523993586046	0.3400049860244133	0.6635703146457672	0.2795020043849945	0.0	0.006711963771903534	19.272357215154106	11.836790199133802	16.82447885850678	128	256	256	1.3012471668358072	7.630040806968789	10.997171151688645	24.060225481261337	9.448922025084359	53.92449873904552	49.428864360672456	84.9131723178875	1.3299936056137085	1.0	1.0	13.234768228254854	0.0	4.882300480891769	0.0	1647757.0	0.0	19.81653395295143	7.7153684070748865	2.55156684066882	65.86294054015852	129.80186234809304	111.27745988965034	40464.0	27.574380349367857	307.34273678939786	85.51494881153236	-0.17871906939393734	86.1222519072906	635.9934384292484	635.0545839592814	21873.0	499.99183922335504	773.0299236580728	83.22892144334894	0.3588738049531983	39.8729076309293	998.7958706804422	1000.0000107549131	154499.0	928.2739572301507	1064.7058938037605	41.562236200220184	0.1772656837483759	0.4634998596662328	0.5284203509133947	0.7301097969905197
sub-121_ses-02_T1w	0.2958149770890922	4.394832253849943	0.5509922865648327	15318.726799828288	4.0635961636244735	3.608378490873421	4.70385	3.87856	0.24696665532751427	0.43409570128828723	0.3189376433841985	0.5894400477409363	0.22238136678934095	0.0	0.005455433875718915	22.05408490241254	12.419166222795711	19.64360185665143	128	256	256	1.2904957716101286	7.82258486595159	11.394746645697987	25.071159299532244	12.382899309911146	66.00829659463564	62.037799250638024	107.72220184736729	1.3300018310546875	1.0	1.0	6.588446642610622	0.0	3.743277472848379	0.0	1764697.0	0.0	16.49916285276413	6.081594010725091	1.4467463276300476	73.04361597903714	134.32563339453503	114.94975134730339	29844.0	25.568467915803197	322.2832987569271	89.07260916025821	0.11906799650180755	77.35855971940525	614.1827254714955	612.751270160079	24365.0	486.3065436780453	743.9154272347688	78.32944047465558	0.565085202035811	37.189227345043136	997.4590144959816	999.9790846258402	122065.0	926.176737895608	1057.8308447301388	39.885470654861784	0.1593422700529685	0.4802122810708227	0.5067241588706181	0.8821063130287023
sub-122_ses-02_T1w	0.33004728043704135	4.036172530170324	0.5716566619837377	12979.635923734384	4.118249400224019	3.6052982006720558	4.7023	4.04715	0.26192668142940834	0.40798672151923404	0.3300865970513576	0.6172779202461243	0.21167537868022912	0.0	0.005649260005187873	22.36724916277933	13.604735898392496	20.19564201128252	128	256	256	1.3070175015445362	7.886256671316784	11.805040402719909	26.221847035298406	16.003784721099816	70.99685958367058	66.08417189800976	111.2518713892589	1.3299953937530518	1.0	1.0	7.870022969576928	0.0	3.9341804385158987	0.0	1613396.0	0.0	16.087194239720702	5.888767562766599	-0.2564224304986302	112.70988666685496	167.0274870645068	143.851827416569	29595.0	25.05233501829207	374.64731705375016	110.05927379396262	-0.1712702339009362	83.59625835392595	636.9254912171187	638.1632951162755	17283.0	502.68955103643236	767.1088694261387	80.91859792014272	0.49318688693125967	35.826967865968264	998.1957039480295	1000.000017605722	114665.0	932.3791918043047	1057.7955952137709	38.13597324862368	0.1441845383225362	0.4748333695888281	0.49822628681801207	0.8006704439869555
sub-124_ses-02_T1w	0.3481868846490429	3.8408823275853416	0.5623834132250652	11232.447208264412	3.9384574775611974	3.475882432683593	4.67436	3.66513	0.2450082218372845	0.4297264544124841	0.3252653237502314	0.6788985133171082	0.29653800725936885	0.0	0.014263580544896456	20.02811443677231	11.366378948556111	17.558605467918298	128	256	256	1.3018819242948327	8.331970749309598	10.954129087827317	23.228534589877516	10.644908191746675	56.01082566869715	50.738394637634656	85.55945005246012	1.3300018310546875	1.0	1.0	10.962673211356584	0.0	5.098303260866975	0.0	2303743.0	0.0	19.41009685397148	7.656866095289682	2.146927691380281	71.51023627142484	147.84304600414598	124.41170513629913	32868.0	35.13695243746042	350.1417772844434	95.56151767993097	-0.058107069748246865	80.5031902267707	652.558341725002	654.6230556443334	24014.0	520.9535528067499	777.5731571018696	78.56597738622648	0.6535185706211877	39.742355552058534	999.1010069066463	999.9707728624344	127307.0	926.9490530714393	1068.1107363663614	43.04907145935371	0.18022459974460295	0.47533910191828493	0.5122613829357416	0.6710780514406718
sub-125_ses-02_T1w	0.3091080384106762	4.275204129539572	0.5543751601183321	9426.209832803514	4.010186235693836	3.506788707081508	4.68416	3.83961	0.23206409023495655	0.4371813067080854	0.33075460305695803	0.6623713076114655	0.29058654606342316	0.0	0.012577173214899422	21.605902782287497	11.796447496369533	18.367813215812415	128	256	256	1.786282684947266	8.985868325472033	11.678140032126038	24.262269085958813	18.70027036126116	61.75115843427081	58.74426373132753	95.78136239845063	1.3300031423568726	1.0	1.0	8.722827440977959	6.8399150740055825	5.675920122863273	4.613452609628439	2060946.0	0.0	20.965275764465332	7.762263549308196	-0.6398941552951825	130.20122362766838	201.99170390945267	195.2391305565834	27407.0	42.42192517966032	382.9083770383149	109.2971287923336	0.040478389896274614	71.41437957445473	641.8886533131409	644.7095282934606	22190.0	519.7886970099062	756.6335265152156	71.745431576569	0.5537439727702376	38.40875387710827	998.5888642530757	999.9999763071537	122132.0	927.9318408668041	1063.5236699320376	41.216090664266716	0.17017425418280618	0.4767062247207011	0.5023014956053831	0.7089332714042421
sub-129_ses-02_T1w	0.28985438796155283	4.57274048366931	0.5231343649202117	15432.28397106544	3.995829439425075	3.4926183182752255	4.66632	3.82855	0.2131436505706428	0.4582966023891382	0.328559747040219	0.5023454427719116	0.17228619754314423	0.0	0.018213583941068215	26.33003622134847	13.031911461783825	20.909222429494122	128	256	256	1.3039904038884274	8.055177230871214	12.30570362283183	27.55794323373585	20.32981024107614	88.53345776587086	84.41028577231403	144.36758930999508	1.3300050497055054	1.0	1.0	7.3375805834511905	4.5379743224757405	4.349787280188073	3.060817167162895	2374719.0	0.0	17.87694664299488	6.386857754958712	0.0970383264402841	102.43326097472413	165.54854658856655	140.81976952403784	19801.0	27.01503847539425	371.9780051484704	107.98868855479235	-0.16494515764674222	78.82264094908949	614.3223330744087	613.2502453252673	30799.0	491.36983651891353	738.348948124051	76.12995617400797	0.7541567118198595	33.27847836482209	997.8385436084573	1000.0000202804804	111508.0	934.9022058919072	1053.2094433531165	36.28701633520136	0.16483379579152765	0.5012353350661475	0.511091985210722	0.9057470146293233
sub-130_ses-02_T1w	0.30618044561452246	4.234231852488907	0.56096786053891	12383.88980368828	3.992285711100658	3.5568071333019744	4.61332	3.80673	0.23461692231816259	0.43875385751858986	0.3266292201632476	0.5860105156898499	0.2509970545768737	0.0	0.012055628875319075	19.277028248954345	10.499831465033129	16.474888030765822	128	256	256	1.2692959069477285	7.810398607366104	11.552066177825417	25.576504019162417	12.998072616989544	71.410584042584	66.362956107822	114.68021166389245	1.3300018310546875	1.0	1.0	13.942269573518129	5.712724043221041	5.365221825965814	3.8531738128513098	2346845.0	0.0	20.5727935153991	7.460793298065705	2.5279071563549778	64.44353613668648	135.00847874886844	113.341896366328	36116.0	31.540818973910064	325.5424875305034	89.2938570101576	0.08004515055827133	78.20752622912548	624.0508540674153	622.6931680189446	26374.0	494.4072665492073	758.66964388825	79.72465864448665	0.4453477805641004	37.31644886712224	998.3050710419765	1000.0000037457794	146059.0	931.3842167427764	1059.6453317143023	39.09825125891068	0.17411402576610058	0.4639854326488309	0.48323124132001705	0.8442626881910515
sub-131_ses-02_T1w	0.29741141897123935	4.539784864568058	0.5601814009945076	7775.906813813628	4.260308231789282	3.6984446953678476	5.02364	4.05884	0.23881054040769215	0.42548503552045724	0.33570442407185064	0.6412251591682434	0.27353712916374184	0.0	0.007174180490980855	21.072588350080462	11.900389884620097	18.015597524813508	128	256	256	1.4781000860267883	8.900151539328572	11.805703332072659	25.038858370862613	15.400777968734449	60.48677641359794	57.32615163867947	96.09090053370602	1.3299942016601562	1.0	1.0	5.9251055747783195	6.817881732015684	6.286011669988221	4.598591346293688	2082267.0	0.0	22.218457136303186	8.025057736522292	-0.13686364190818745	103.0935485056898	186.27743385933243	160.27300997450948	31199.0	42.524868397042155	388.07754402495914	108.43003319531152	-0.05836589904335199	72.37719712355597	629.1485952137676	629.4745459705591	21534.0	512.9038858088664	744.4877358525991	70.72463060767544	0.45118597616551037	37.82130181865543	998.0262654842984	999.9999929200858	129977.0	928.5233615312725	1059.8542897589505	39.937769177286306	0.16433614429497362	0.4819583996000722	0.5081072340002928	0.7754401111069404
sub-132_ses-02_T1w	0.3247141004177361	4.215653750393274	0.575351042945816	10136.870691668968	4.1977135691749945	3.691310707524982	4.81385	4.08798	0.23576324415186972	0.42452282906653316	0.3397139267815971	0.6204807162284851	0.24117462635040288	0.0	0.014521639282928973	22.15273382922383	12.292493732882518	18.081015188109916	128	256	256	1.4082983653558574	7.770352286073485	11.162271437975605	24.308163662497474	15.729146857096652	61.911774176532326	59.15784156033913	99.8326036473884	1.3300018310546875	1.0	1.0	8.985149373588852	6.562348898235419	5.324481546827661	4.426237069070339	2032284.0	0.0	19.564909597858787	7.534786415092591	-0.1955968792175744	113.40995516152593	180.78495887999787	157.55520460754633	31248.0	34.538775427266955	389.12392071606587	111.87450572872348	-0.17117135939819716	84.00155650852943	621.3475409034652	620.1558378608897	25078.0	494.67908009700477	753.466799798887	79.8089263352567	0.537181598771928	39.339187278251686	998.3161357558929	999.9999642111361	135852.0	928.0630171223544	1062.2027213200927	41.13828990181897	0.1586479268306202	0.49637668911892613	0.5169608248063026	0.7531785859947157
sub-133_ses-02_T1w	0.2983783665248283	4.4766692337345235	0.603267648842016	4393.7959183673465	3.978869980687525	3.5919499420625725	4.57901	3.76565	0.21726404676547428	0.454821779070661	0.3279141741638647	0.6217984557151794	0.28909924626350403	0.0	0.0057463406327592755	21.159355304722034	10.51266553687998	16.61961977049678	128	256	256	1.326946726824084	8.777387226698876	11.223867249618948	23.567267795333887	13.151401721188648	66.30127886770929	61.7719803032106	105.86326032073386	1.3300018310546875	1.0	1.0	6.247835736544246	6.1885150691944615	6.250830911451295	4.1740899831056595	1839867.0	0.0	25.120895203202963	8.790592707190395	2.0635190856822403	76.13005580548673	143.34410931690226	124.2300805337727	28708.0	29.405700377933684	336.6581733752041	93.61937018244707	0.14263913240702886	71.05471875178763	626.7621066275915	626.2916598431766	27717.0	510.78135509118437	743.3494321011007	71.35157030174402	0.39984909723588924	40.45175703766136	997.943807179993	999.9999721720815	138333.0	923.5174087621272	1063.1967125870287	42.43157783004017	0.1682461439033548	0.48111272777199476	0.5088199798120446	0.7910414963275626
sub-134_ses-02_T1w	0.2795447866877395	4.845634516346145	0.5627741980714753	13898.980945821855	4.2244551593757285	3.612175478127187	4.89072	4.17047	0.213956208919577	0.4467945981241784	0.33924919295624467	0.5499144792556763	0.2242836058139801	0.0	0.006450887385285763	23.539452844383355	11.94849512198999	18.328017955208747	128	256	256	1.453300016277231	8.54250061288346	12.366558659917622	27.103875350592176	15.700697771755696	58.36917984132549	56.61619273781591	95.77870060036653	1.3300018310546875	1.0	1.0	6.609978424512226	0.0	4.724302879934019	0.0	1793758.0	0.0	18.228820944204926	6.840105145044365	-0.23267343256764894	114.2302753082722	190.00463511038484	163.92681525461376	23965.0	40.96955126635731	394.78986101634797	112.79391264934183	-0.08696916390379661	74.10062596710975	610.8587410089895	609.4171035904437	32651.0	496.7077513039112	726.8990926332772	71.33833509024322	0.4555985976398702	35.084779138273454	997.9752976873774	999.9999736882746	132850.0	934.3541227485985	1055.0841562505811	36.89495310552468	0.1612291233790962	0.5038459092393751	0.5256582639470028	0.8567047777693647
sub-135_ses-02_T1w	0.3044610749893234	4.355238456639115	0.6074391350698225	9656.406375921713	3.941346142093931	3.3822284262817943	4.6727	3.76911	0.22559464931682888	0.4384531681138844	0.3359521825692867	0.6567730903625488	0.2838096439838409	0.0	0.007071754035741467	19.316559294223733	10.187415455505661	15.616680614400817	128	256	256	1.2805511645450922	7.536112294745973	10.79111188977948	23.556672210047374	10.444384578016688	52.35861032555176	49.84128338901022	86.72085526346224	1.3300018310546875	1.0	1.0	6.508869095962842	0.0	5.001666372204603	0.0	1785489.0	0.0	20.068113021552563	7.554542521096852	1.7517668007091505	76.61509261779254	142.24069241118102	120.43682415038347	23360.0	28.483773320913315	334.57315973751247	94.04875776486097	0.04081736460152907	80.66283988572602	606.6692779732863	603.7602979317307	22973.0	478.3866616860032	741.0847347229719	80.113874837003	0.698968876027747	39.97672044000286	998.3931404593808	999.9999825283885	153096.0	926.0322391614318	1064.4262247532606	42.45067841848842	0.1699476319801181	0.47410790448446044	0.5075122711340007	0.7010499757037736
sub-136_ses-02_T1w	0.33997162512812207	3.820506127817654	0.5934398050186951	14810.069561924	3.9075057593444704	3.4644072780334096	4.53441	3.7237	0.264925790816785	0.41101932296621474	0.32405488621700024	0.5693040490150452	0.21192704439163212	0.0	0.0068930463282417965	19.15990951560441	11.947184844371785	18.282990497999577	128	256	256	1.273430918852242	7.778523555698144	11.658046399226	25.922184723127614	10.838545634170563	57.275628192580605	52.16354703876033	88.37646728952983	1.3300052881240845	1.0	1.0	5.939631994089982	0.0	4.880952791155496	0.0	1776166.0	0.0	19.45751995779574	7.413018749121341	2.1805894893119806	72.68945124157923	145.84687648126638	122.64063178189099	32587.0	33.112737556919456	346.3531762164085	96.30577380382552	0.008597510672657016	83.26120603241728	646.1839683505788	648.0868803188205	18745.0	507.3635713066906	782.4532893974333	83.31524466321922	0.4240109773932845	36.379273839060325	998.5471250784759	1000.0000137351453	136559.0	932.5861152466387	1059.327972792089	38.57685465126442	0.16302499345844995	0.449264349161501	0.5012630201984031	0.8405001193110925
sub-137_ses-02_T1w	0.3104368884860315	4.207229118398343	0.5617939163949559	6322.814776274713	4.019800572753301	3.526741718259901	4.61987	3.91279	0.23208570525049382	0.4371091464643987	0.3308051482851075	0.5601757764816284	0.18973955214023586	0.0	0.005466487729971841	21.65046465014577	11.788895340377026	18.65432571255917	128	256	256	1.4638173753870949	7.609379430947228	12.17889977509445	27.46350251894903	20.7271535566878	77.86829960076618	74.57413469673583	125.12695093275347	1.3300009965896606	1.0	1.0	15.02392999100731	5.23565453286724	4.898371836208615	3.5313953179866076	1654344.0	0.0	18.522738022729754	6.694558655623584	-0.25471148462561866	122.46364844458179	186.5375175944003	165.6452236091718	20668.0	32.42846145713702	387.38950974401075	113.15702290369259	-0.053574255383287195	83.12868261539533	621.2137532208136	622.30020461604	26053.0	484.03354715928435	751.8500114362686	81.77910789994897	0.5656781701310183	34.116200504489754	998.0206906572589	999.9772380758077	131015.0	935.3116940045729	1054.1784604080021	36.410993867535076	0.160502782797937	0.49759651654676207	0.5195306864708816	0.8412911387552472
sub-138_ses-02_T1w	0.29919486253068356	4.439024256188399	0.5679149588346423	13778.687239691795	3.926798690701474	3.457226072104422	4.64284	3.68033	0.2223702193270428	0.45001230732484937	0.3276174733481078	0.6094112396240234	0.24151524901390076	0.0	0.005072374605269881	23.838224812436845	12.191649439116143	19.267616883357068	128	256	256	1.4097806592416227	8.034167291198665	11.711578782040306	25.69078839568063	15.284579645439496	57.95859010621294	55.741265403813905	93.98062645978926	1.3299998044967651	1.0	1.0	7.436970017291378	0.0	4.751160995611613	0.0	1861078.0	0.0	18.817268148064613	6.970807265483022	0.4213275619906871	111.06571288319962	188.47279362217876	162.63156625442207	22177.0	37.325666995719075	404.1245926566422	115.35688085595734	-0.0777008995769135	78.21801949164121	618.7240618505782	616.6931970342994	23244.0	495.837391619198	747.3853017086162	76.75716834083116	0.6410496173497409	36.458297758995116	997.4265573384154	999.9762396663427	118965.0	929.1026148106903	1056.142933987081	38.923369008351386	0.14720288302467535	0.4894606931049168	0.49363104555316706	0.7695078808966346
sub-139_ses-02_T1w	0.32075649336389334	4.098855953449824	0.6026482889205039	11455.830805794478	3.9636161763974775	3.4713185291924327	4.61254	3.80699	0.23866754340769705	0.4235175258224009	0.3378149307699021	0.6088828444480896	0.2563879072666168	0.0	0.006662475969494203	20.935004693937646	11.90386640221357	17.865971061093248	128	256	256	1.2949908199052682	7.701439532128533	11.391073447692646	25.17678999104413	11.9151397682195	54.837198761210765	51.39014845885384	87.41810684713123	1.3300018310546875	1.0	1.0	6.649537928674734	0.0	5.0900498414543485	0.0	1821618.0	0.0	20.324792724102736	7.494098043330877	1.5641148576015764	89.83994966322732	159.55144731044498	136.29715220071375	23580.0	31.771988328453155	371.78231891877937	105.24728050139716	-0.022011562359972814	81.22234317243502	625.2234903242722	627.2821109285578	27850.0	488.07871510321274	757.794514430873	81.44851964536208	0.3896814714999124	38.32124361415231	998.89221260386	999.9747586529702	140207.0	932.0405259002	1061.6552090290934	39.71797806378731	0.16882941441548147	0.47940453901780783	0.519470841701284	0.7865558552840368
